1,YouopiaClinic,730 Trailsway Crossing,Camden,NJ,8104
2,BuzzsterClinic,35 Sunnyside Trail,Atlanta,GA,30368
3,SkiveeClinic,3404 Holmberg Crossing,Saint Paul,MN,55166
4,RoodelClinic,961 Anthes Way,Tampa,FL,33620
5,YozioClinic,078 Morrow Lane,Los Angeles,CA,90030
6,MyworksClinic,739 Old Gate Alley,Chicago,IL,60614
7,GabtuneClinic,05 Burrows Drive,Peoria,IL,61651
8,MeeveoClinic,9 Armistice Junction,Los Angeles,CA,90025
9,YamiaClinic,5 Troy Plaza,Topeka,KS,66617
10,SkilithClinic,011 Eliot Crossing,Fayetteville,NC,28305
11,ReallinksClinic,9576 Claremont Court,Fort Worth,TX,76162
12,SkiptubeClinic,17137 Lake View Avenue,Shreveport,LA,71115
13,InnotypeClinic,048 Nancy Center,Seminole,FL,34642
14,BubbletubeClinic,95 Clemons Terrace,El Paso,TX,79934
15,PhotospaceClinic,6 Briar Crest Circle,Long Beach,CA,90840
16,VinderClinic,5107 Fieldstone Junction,Tucson,AZ,85754
17,OodooClinic,900 Waxwing Circle,Sacramento,CA,95838
18,ShuffledriveClinic,88 Coolidge Street,Northridge,CA,91328
19,JamiaClinic,6 Ryan Street,Charlotte,NC,28220
20,TavuClinic,4565 Kropf Drive,Richmond,VA,23260
21,YodoClinic,4651 Buell Hill,Lakeland,FL,33811
22,ZavaClinic,4220 Magdeline Way,New York City,NY,10120
23,LayoClinic,14 Florence Crossing,South Lake Tahoe,CA,96154
24,BabbleopiaClinic,7 Basil Crossing,Jackson,TN,38308
25,TagtuneClinic,68 Dovetail Terrace,Spokane,WA,99252
26,ShuffledriveClinic,5 Elgar Lane,Dayton,OH,45470
27,AbatzClinic,5 Algoma Terrace,Schenectady,NY,12305
28,RealcubeClinic,09 Butterfield Park,Charlotte,NC,28220
29,VoommClinic,86 3rd Street,Lake Worth,FL,33467
30,ZoomloungeClinic,26110 Maple Center,Syracuse,NY,13210
31,MeemmClinic,1146 Muir Pass,Indianapolis,IN,46247
32,TagopiaClinic,077 Pond Lane,Clearwater,FL,33763
33,BlogtagClinic,4117 Toban Crossing,Albuquerque,NM,87180
34,ThoughtmixClinic,205 Novick Park,Springfield,MA,1114
35,PhotolistClinic,43 Moulton Way,Tucson,AZ,85720
36,YakidooClinic,7 Katie Junction,Trenton,NJ,8608
37,YakijoClinic,4 Forster Alley,Amarillo,TX,79105
38,PhotobugClinic,47 Oak Valley Junction,Hartford,CT,6145
39,GigaclubClinic,1870 Rieder Parkway,Washington,DC,20420
40,PixonyxClinic,7 Mosinee Pass,Knoxville,TN,37924
41,PhotojamClinic,37063 Birchwood Drive,Austin,TX,78764
42,IzioClinic,85494 Artisan Pass,Ann Arbor,MI,48107
43,TopicblabClinic,4 Fallview Terrace,Washington,DC,20022
44,EdgeblabClinic,928 Bultman Place,Frankfort,KY,40618
45,FivespanClinic,793 Veith Drive,Omaha,NE,68134
46,RealfireClinic,36380 Old Gate Lane,Galveston,TX,77554
47,DevbugClinic,441 Swallow Plaza,Minneapolis,MN,55412
48,MibooClinic,58198 Bellgrove Junction,Chicago,IL,60614
49,GigashotsClinic,707 Crowley Trail,Portland,OR,97221
50,RealbuzzClinic,811 Trailsway Crossing,Pittsburgh,PA,15240
51,JanyxClinic,43 Browning Circle,Olympia,WA,98516
52,MuxoClinic,0475 Northview Trail,Boston,MA,2119
53,YakitriClinic,69627 Oriole Drive,Gilbert,AZ,85297
54,YataClinic,8 Bluejay Court,Fresno,CA,93778
55,FlashdogClinic,5882 Nobel Place,Norfolk,VA,23520
56,TopicloungeClinic,3484 Sundown Alley,Long Beach,CA,90840
57,KazuClinic,4 Amoth Junction,Modesto,CA,95397
58,ZooveoClinic,965 Russell Hill,Peoria,AZ,85383
59,GabvineClinic,2 Hovde Hill,Murfreesboro,TN,37131
60,TambeeClinic,0 Dovetail Parkway,Phoenix,AZ,85072
61,VipeClinic,483 Erie Crossing,New Haven,CT,6520
62,AimboClinic,472 Susan Center,Roanoke,VA,24009
63,DablistClinic,5 Atwood Junction,Albuquerque,NM,87121
64,TwiyoClinic,45927 Clemons Street,Springfield,MA,1152
65,FiveclubClinic,968 8th Circle,Washington,DC,20520
66,GigaclubClinic,3 Center Drive,Austin,TX,78726
67,KwilithClinic,9661 Lakeland Drive,Prescott,AZ,86305
68,GigazoomClinic,5 Northfield Way,Daytona Beach,FL,32123
69,MeejoClinic,53 New Castle Trail,Las Vegas,NV,89166
70,GabcubeClinic,2644 Beilfuss Parkway,Washington,DC,20425
71,SkybleClinic,26533 Kropf Crossing,Des Moines,IA,50305
72,KimiaClinic,8705 Dakota Junction,New Haven,CT,6520
73,AilaneClinic,648 Division Plaza,Fresno,CA,93709
74,FlashspanClinic,83 Lawn Hill,New Orleans,LA,70183
75,SkilithClinic,9198 Maple Wood Park,Tyler,TX,75705
76,DynazzyClinic,7 Buhler Trail,Denton,TX,76205
77,DemimbuClinic,7 Tomscot Point,Corpus Christi,TX,78410
78,ZoomloungeClinic,827 Rieder Road,Spokane,WA,99252
79,TwinteClinic,2061 Hintze Point,Fort Lauderdale,FL,33325
80,CentidelClinic,047 Bartelt Drive,Boston,MA,2124
81,TagchatClinic,11538 Trailsway Trail,Missoula,MT,59806
82,DynaboxClinic,6744 Johnson Lane,Bellevue,WA,98008
83,TopicblabClinic,4356 Iowa Place,Spartanburg,SC,29305
84,LajoClinic,5327 Eastlawn Plaza,Columbus,GA,31904
85,RealblabClinic,33 Blackbird Plaza,Albany,NY,12237
86,JamiaClinic,05695 3rd Lane,San Francisco,CA,94126
87,FeedspanClinic,3121 Hanson Terrace,Miami,FL,33129
88,ShufflebeatClinic,229 Moulton Terrace,Salt Lake City,UT,84140
89,ChatterpointClinic,81820 Bellgrove Avenue,Oceanside,CA,92056
90,QuireClinic,9535 Mendota Alley,Lake Charles,LA,70607
91,AimbuClinic,008 Ramsey Street,Saint Louis,MO,63150
92,PhotofeedClinic,55346 Upham Lane,Cincinnati,OH,45271
93,VoonixClinic,47837 Prairieview Crossing,Phoenix,AZ,85099
94,AvambaClinic,28 Dapin Drive,Newark,DE,19714
95,TrudooClinic,644 Swallow Point,Kansas City,MO,64130
96,EidelClinic,65 Hagan Alley,Canton,OH,44760
97,QuimmClinic,47805 Dennis Point,Albany,NY,12227
98,WordwareClinic,82 Basil Trail,Minneapolis,MN,55428
99,YakidooClinic,6022 Spenser Pass,Tallahassee,FL,32304
100,JanyxClinic,00361 Dovetail Trail,Corpus Christi,TX,78470
