DoctorID,DoctorFirstName,DoctorLastName,DoctorHireDate,DoctorBirthDate,DoctorEducation,DoctorSex
1,Dr. Pepi,Geeve,11/1/2010,1/16/1977,Variance Analysis,F
2,Dr. Leeland,Guidelli,12/16/2003,7/15/1971,RELAX NG,M
3,Dr. Jaynell,Piddington,10/29/2013,1/9/1977,FWSM,F
4,Dr. Oswald,Harrod,3/30/2006,11/20/1989,Zooarchaeology,M
5,Dr. Shae,de Clercq,11/9/2015,9/24/1960,TSM Administration,F
6,Dr. Gwyn,Shelley,10/21/2002,1/6/1967,Youth Entrepreneurship,F
7,Dr. Lion,Boch,1/11/2006,8/24/1962,Karate,M
8,Dr. Tybi,Stonehouse,5/22/2010,11/25/1980,DPR,F
9,Dr. Terri,Hatchell,8/3/2011,12/21/1980,MCMS,M
10,Dr. Dalli,De Carteret,6/30/2007,7/15/1979,YouTube,M
11,Dr. Corabella,Ferrino,4/7/2013,8/26/1972,OMA,F
12,Dr. Isak,Magne,10/25/2015,1/5/1986,Legal Liability,M
13,Dr. Leanor,Rimbault,9/7/2005,7/27/1978,JIT,F
14,Dr. Maddie,Brisset,11/20/2006,3/18/1973,HP uCMDB,F
15,Dr. Dennie,Agg,3/25/2010,7/16/1967,RSS,M
16,Dr. Eldon,Vreede,10/14/2012,10/29/1974,Easements,M
17,Dr. Duffie,Pole,12/11/2004,4/5/1981,Counseling Psychology,M
18,Dr. Holly,Blesdill,7/21/2015,12/12/1971,Fine Dining,F
19,Dr. Gavan,Tremoulet,5/8/2012,2/2/1964,GFSI,M
20,Dr. Willow,Knight,5/13/2011,12/17/1965,Business Alliances,F
21,Dr. Marne,Slingsby,8/30/2001,1/16/1975,DHTML,F
22,Dr. Patrizio,Rushmer,12/19/2005,2/6/1987,Biomedical Engineering,M
23,Dr. Jephthah,Zylberdik,3/5/2008,12/11/1978,LSO,M
24,Dr. Vanna,Streatley,12/3/2005,6/19/1973,Amazon Kindle,F
25,Dr. Emmy,Ausiello,6/29/2010,6/14/1984,American Literature,F
26,Dr. Rik,Rallin,6/2/2011,3/16/1963,Gutters,M
27,Dr. Kevin,McWilliams,8/13/2007,6/20/1980,Bit.ly,M
28,Dr. Gisela,Mapham,3/30/2005,4/11/1963,Early Childhood Literacy,F
29,Dr. Ruth,Gohn,3/20/2000,9/10/1961,HMO,F
30,Dr. Ashley,Dorricott,6/9/2008,12/26/1978,Technical Illustration,M
31,Dr. Lana,Hintzer,5/10/2003,5/11/1972,Oracle Identity Manager,F
32,Dr. Guglielma,Dimnage,12/13/2014,10/29/1978,IFMA,F
33,Dr. Malinda,Candy,12/17/2003,11/23/1980,Solid Oxide Fuel Cells,F
34,Dr. Allix,Heam,11/25/2005,10/16/1986,RBAC,F
35,Dr. Lois,Dunbabin,1/9/2007,10/9/1985,Functional Specifications,F
36,Dr. Gorden,Thecham,12/29/2012,7/30/1964,Geography,M
37,Dr. Hogan,Melbourn,6/15/2002,4/24/1987,Purchase Management,M
38,Dr. Reinold,Redhole,2/6/2004,9/8/1988,Microbiology,M
39,Dr. Mace,Gault,4/7/2016,3/12/1977,LRO,M
40,Dr. Iona,Brickham,3/19/2011,6/25/1970,Koine Greek,F
41,Dr. Darline,Seivwright,3/17/2003,9/11/1971,Cisco UCS,F
42,Dr. Marc,Larmet,12/16/2011,9/9/1988,FX Animation,M
43,Dr. Hoebart,Denecamp,4/30/2011,9/17/1987,Media TV,M
44,Dr. Pollyanna,Gomery,2/18/2008,11/26/1961,Biodiversity,F
45,Dr. Benjie,Braisher,2/6/2000,9/5/1984,HCFA,M
46,Dr. Saleem,Lambregts,2/4/2007,3/19/1987,RLU,M
47,Dr. Gillie,De Roberto,12/1/2005,7/18/1963,HVAC,F
48,Dr. Alica,Putland,6/20/2009,8/24/1973,Radio Host,F
49,Dr. Maris,MacCague,12/20/2016,6/7/1967,AHP,F
50,Dr. Ardis,Lettington,5/31/2015,10/11/1973,Running,F
51,Dr. Bren,Swinnard,3/27/2016,4/19/1976,Oil Analysis,M
52,Dr. Raddy,Strank,5/16/2000,2/6/1987,LPS,M
53,Dr. Hillery,Popworth,8/17/2001,5/29/1963,Canon XL2,M
54,Dr. Nikolia,Skaife,2/16/2000,2/1/1984,Driven By Results,F
55,Dr. Calla,Bicker,7/11/2010,4/27/1980,WAN,F
56,Dr. Gilberto,Lillecrop,7/28/2013,10/10/1979,Python,M
57,Dr. Saunders,Kamienski,12/7/2000,12/22/1973,HSEEP,M
58,Dr. Norma,Ceely,8/14/2014,10/29/1975,RIS,F
59,Dr. Tonia,Taveriner,9/9/2016,4/27/1976,Portraits,F
60,Dr. Marcie,Boller,2/16/2008,4/26/1990,WHIMS,F
61,Dr. Henrie,Lynam,8/6/2013,4/8/1990,RDF,F
62,Dr. Malvin,Creamen,11/16/2003,6/28/1979,RhinoCAM,M
63,Dr. Parrnell,Rue,9/20/2000,9/23/1968,Urbanism,M
64,Dr. Frazer,Bendelow,6/28/2014,8/11/1989,CNC Programing,M
65,Dr. Koo,Britney,9/3/2016,4/2/1975,Core Java,F
66,Dr. Star,Dulany,1/10/2009,9/22/1973,Afghanistan,F
67,Dr. Jacklin,Stuart,9/16/2001,9/22/1961,RHIA,F
68,Dr. Had,Gibbetts,4/10/2012,5/20/1978,Construction Management,M
69,Dr. Evy,Jako,7/25/2012,8/23/1987,FX Operations,F
70,Dr. Abdul,Doodney,7/31/2002,12/28/1982,Nintex,M
71,Dr. Shae,Ransome,7/17/2011,7/2/1964,Swim Instruction,F
72,Dr. Carmita,Kuhn,4/16/2004,12/20/1971,Olive Oil,F
73,Dr. Gilbertine,Civitillo,11/27/2003,6/11/1977,NRA,F
74,Dr. Griffie,Dahler,12/1/2003,3/23/1962,High Yield,M
75,Dr. Jammal,Petican,2/3/2005,3/30/1961,iWeb,M
76,Dr. Kandy,Livsey,1/25/2003,7/17/1984,FNMA,F
77,Dr. Conny,Cromb,8/26/2013,8/22/1975,QR,F
78,Dr. Raymond,Perris,8/15/2002,11/12/1985,Import,M
79,Dr. Ariel,Cressar,4/12/2007,12/20/1977,Pneumatic Conveying,M
80,Dr. Isacco,Kingwell,12/18/2008,8/12/1971,Luciferase Assay,M
81,Dr. Nanine,Halbard,9/12/2006,9/16/1983,JCE,F
82,Dr. Kerrin,Puckring,1/1/2006,10/30/1966,BIM,F
83,Dr. Stefania,Fullwood,5/1/2006,12/5/1972,CTL,F
84,Dr. Monah,Eringey,10/5/2000,6/21/1979,CAESAR II,F
85,Dr. Melamie,Skyrme,3/17/2010,7/21/1980,Hydraulics,F
86,Dr. Hayyim,Englishby,8/1/2016,2/20/1983,Electrical Troubleshooting,M
87,Dr. Mickey,Alwin,4/18/2005,4/21/1968,Sales Operations,M
88,Dr. Nannette,Shewsmith,1/7/2005,6/5/1981,FDQM,F
89,Dr. Mil,Hammett,8/26/2009,3/6/1984,Public Relations,F
90,Dr. Vidovic,Rawlinson,2/10/2014,12/5/1963,FTP software,M
91,Dr. Kathleen,Beetham,10/10/2004,5/23/1979,DTA,F
92,Dr. Pamella,Abramzon,11/4/2003,4/8/1974,CBCP,F
93,Dr. Henriette,Oolahan,11/10/2004,9/10/1982,TTCN-3,F
94,Dr. Reagen,Trewett,1/28/2015,4/18/1987,Client Relations,M
95,Dr. Dorise,de Banke,10/21/2001,2/19/1988,Dog Training,F
96,Dr. Nobie,Rabbet,10/15/2003,11/26/1978,TFTP,M
97,Dr. Garrik,Buckthorpe,8/25/2014,6/7/1976,QPST,M
98,Dr. Aaron,Greenlies,11/13/2003,4/8/1970,Behavioral Health,M
99,Dr. Allix,Barcke,1/19/2001,11/29/1963,Economic Modeling,F
100,Dr. Rubetta,Smaridge,5/11/2001,6/10/1978,Job Fairs,F
