ReceptionistID,ReceptionistFirstName,ReceptionistLastName,ReceptionistPassword
1,Janifer,Edward,u8wTlO4jDSV
2,Aldridge,Needs,XupspM
3,Laurence,Swait,i8rYOx6IFT
4,Akim,Folk,8IPqC6SPx4J
5,Bettine,Bambrick,KBFWMi
6,Rochester,Scutt,DVoc6Rj
7,Delbert,Leadston,jTFHx9i2gas
8,Christian,Matthius,qDTc7BY
9,Wini,Bilsborrow,DqVUmNV
10,Bern,Blumer,PiOpcVqa
11,Lev,Balke,KBXDLgwy
12,Willette,Kairns,Kuphg1qT2
13,Eimile,Bilverstone,4g3P3x
14,Adolf,Mundow,4Ltt4eIz5A
15,Ginevra,Othick,8g7ds2hWedZ
16,Harley,Whistlecraft,n3hhBR31
17,Dodi,Cranage,gPn3iXLxr7qM
18,Cart,Clare,b0XHy3fH
19,Jorie,Haggidon,Fkx0QA
20,Frank,Tabourin,9V8zhH
21,Julia,Miskimmon,QioKw7ZiEYHB
22,Marline,Lehmann,fYuZdl
23,Reinwald,Alexandersen,488oem4vOsei
24,Nelli,Boni,k366yc
25,Dierdre,Quinion,yUtrXjuNOWt
